{"cameraMode":{"drawMode":0,"name":"Shaded","section":"Shading Mode"},"sceneLighting":true,"audioPlay":false,"sceneViewState":{"m_AlwaysRefresh":false,"showFog":true,"showSkybox":true,"showFlares":true,"showImageEffects":true,"showParticleSystems":true,"showVisualEffectGraphs":true,"m_FxEnabled":true},"in2DMode":false,"pivot":{"x":2.4558968544006349,"y":-7.578431129455566,"z":0.6955499649047852},"rotation":{"x":0.29653939604759219,"y":0.44764792919158938,"z":-0.16027513146400453,"w":0.8282619118690491},"size":10.800569534301758,"orthographic":false}